"end"	"dH"	"dS"	"dG"
"AA/-T"	0.2	2.3	-0.51
"AC/-G"	-6.3	-17.1	-0.96
"AG/-C"	-3.7	-10	-0.58
"AT/-A"	-2.9	-7.6	-0.5
"CA/-T"	0.6	3.3	-0.42
"CC/-G"	-4.4	-12.6	-0.52
"CG/-C"	-4	-11.9	-0.34
"CT/-A"	-4.1	-13	-0.02
"GA/-T"	-1.1	-1.6	-0.62
"GC/-G"	-5.1	-14	-0.72
"GG/-C"	-3.9	-10.9	-0.56
"GT/-A"	-4.2	-15	0.48
"TA/-T"	-6.9	-20	-0.71
"TC/-G"	-4	-10.9	-0.58
"TG/-C"	-4.9	-13.8	-0.61
"TT/-A"	-0.2	-0.5	-0.1
"AA/T-"	-0.5	-1.1	-0.12
"CA/G-"	-5.9	-16.5	-0.82
"GA/C-"	-2.1	-3.9	-0.92
"TA/A-"	-0.7	-0.8	-0.48
"AC/T-"	4.7	14.2	0.28
"CC/G-"	-2.6	-7.4	-0.31
"GC/C-"	-0.2	-0.1	-0.23
"TC/A-"	4.4	14.9	-0.19
"AG/T-"	-4.1	-13.1	-0.01
"CG/G-"	-3.2	-10.4	-0.01
"GG/C-"	-3.9	-11.2	-0.44
"TG/A-"	-1.6	-3.6	-0.5
"AT/T-"	-3.8	-12.6	0.13
"CT/G-"	-5.2	-15	-0.52
"GT/C-"	-4.4	-13.1	-0.35
"TT/A-"	2.9	10.4	-0.29
